Time,SP,block,EPEX_DA_half-hourly  [GBP/MWh],SSP [GBP/MWh],DCL [GBP/MW/h],DCH [GBP/MW/h]
01/04/2022 00:00,1,1,234,175.71274,1.7,1.7
01/04/2022 00:30,2,1,220,178.12332,1.7,1.7
01/04/2022 01:00,3,1,200.8,180,1.7,1.7
01/04/2022 01:30,4,1,242,165,1.7,1.7
01/04/2022 02:00,5,1,226,175.01,1.7,1.7
01/04/2022 02:30,6,1,210,180,1.7,1.7
01/04/2022 03:00,7,2,215,270,8.96,6.5
01/04/2022 03:30,8,2,199.3,280,8.96,6.5
01/04/2022 04:00,9,2,214.5,270,8.96,6.5
01/04/2022 04:30,10,2,203.3,270,8.96,6.5
01/04/2022 05:00,11,2,211.2,260,8.96,6.5
01/04/2022 05:30,12,2,214,316,8.96,6.5
01/04/2022 06:00,13,2,220,316,8.96,6.5
01/04/2022 06:30,14,2,225,316,8.96,6.5
01/04/2022 07:00,15,3,198,339,4.89,0.93
01/04/2022 07:30,16,3,316.7,494.23,4.89,0.93
01/04/2022 08:00,17,3,321.3,390,4.89,0.93
01/04/2022 08:30,18,3,311.4,339,4.89,0.93
01/04/2022 09:00,19,3,305.6,186,4.89,0.93
01/04/2022 09:30,20,3,282.8,339,4.89,0.93
01/04/2022 10:00,21,3,298,330,4.89,0.93
01/04/2022 10:30,22,3,274,316,4.89,0.93
01/04/2022 11:00,23,4,266.6,330,1.5,0.25
01/04/2022 11:30,24,4,262,316,1.5,0.25
01/04/2022 12:00,25,4,259.5,339,1.5,0.25
01/04/2022 12:30,26,4,246.4,335,1.5,0.25
01/04/2022 13:00,27,4,236.1,316,1.5,0.25
01/04/2022 13:30,28,4,211,309,1.5,0.25
01/04/2022 14:00,29,4,215,309,1.5,0.25
01/04/2022 14:30,30,4,212,191,1.5,0.25
01/04/2022 15:00,31,5,203,191,47.99,0.58
01/04/2022 15:30,32,5,239,191,47.99,0.58
01/04/2022 16:00,33,5,210,191,47.99,0.58
01/04/2022 16:30,34,5,233.45,191,47.99,0.58
01/04/2022 17:00,35,5,220,189.1,47.99,0.58
01/04/2022 17:30,36,5,262.4,191.5,47.99,0.58
01/04/2022 18:00,37,5,296,191,47.99,0.58
01/04/2022 18:30,38,5,312.1,369,47.99,0.58
01/04/2022 19:00,39,6,311.4,215,1.13,0.58
01/04/2022 19:30,40,6,316.6,369,1.13,0.58
01/04/2022 20:00,41,6,323.2,368,1.13,0.58
01/04/2022 20:30,42,6,276.8,191,1.13,0.58
01/04/2022 21:00,43,6,273.1,191,1.13,0.58
01/04/2022 21:30,44,6,267.8,187.1,1.13,0.58
01/04/2022 22:00,45,6,245,187.1,1.13,0.58
01/04/2022 22:30,46,6,235,276,1.13,0.58
01/04/2022 23:00,47,1,260.6,246,0.56,0.62
01/04/2022 23:30,48,1,260.9,363,0.56,0.62
02/04/2022 00:00,1,1,242.8,263,0.56,0.62
02/04/2022 00:30,2,1,232.1,254,0.56,0.62
02/04/2022 01:00,3,1,225.1,186,0.56,0.62
02/04/2022 01:30,4,1,245,263,0.56,0.62
02/04/2022 02:00,5,1,218,263,0.56,0.62
02/04/2022 02:30,6,1,205.1,245.3,0.56,0.62
02/04/2022 03:00,7,2,206,181,3,3
02/04/2022 03:30,8,2,201.1,263,3,3
02/04/2022 04:00,9,2,210,263,3,3
02/04/2022 04:30,10,2,206,179,3,3
02/04/2022 05:00,11,2,226.8,179.05,3,3
02/04/2022 05:30,12,2,233.9,179.05,3,3
02/04/2022 06:00,13,2,233.8,179.05,3,3
02/04/2022 06:30,14,2,240.8,263,3,3
02/04/2022 07:00,15,3,249,263,1.2,0.61
02/04/2022 07:30,16,3,300,299,1.2,0.61
02/04/2022 08:00,17,3,284,260,1.2,0.61
02/04/2022 08:30,18,3,288.8,299,1.2,0.61
02/04/2022 09:00,19,3,297.6,260,1.2,0.61
02/04/2022 09:30,20,3,269,260,1.2,0.61
02/04/2022 10:00,21,3,272.2,260,1.2,0.61
02/04/2022 10:30,22,3,249,260,1.2,0.61
02/04/2022 11:00,23,4,254,260,1.5,1.65
02/04/2022 11:30,24,4,265.6,181.01,1.5,1.65
02/04/2022 12:00,25,4,251.25,260,1.5,1.65
02/04/2022 12:30,26,4,242,260,1.5,1.65
02/04/2022 13:00,27,4,254,345,1.5,1.65
02/04/2022 13:30,28,4,214,344.00006,1.5,1.65
02/04/2022 14:00,29,4,227.8,260,1.5,1.65
02/04/2022 14:30,30,4,216.15,260,1.5,1.65
02/04/2022 15:00,31,5,215,181.52,12.11,3.95
02/04/2022 15:30,32,5,226.2,181.52,12.11,3.95
02/04/2022 16:00,33,5,210.3,181.52,12.11,3.95
02/04/2022 16:30,34,5,267.05,182.1,12.11,3.95
02/04/2022 17:00,35,5,235.3,181.52,12.11,3.95
02/04/2022 17:30,36,5,297.6,260,12.11,3.95
02/04/2022 18:00,37,5,286.9,262.55891,12.11,3.95
02/04/2022 18:30,38,5,312.85,181.52,12.11,3.95
02/04/2022 19:00,39,6,313.1,340,2,0.5
02/04/2022 19:30,40,6,314,369,2,0.5
02/04/2022 20:00,41,6,319.8,330,2,0.5
02/04/2022 20:30,42,6,290.2,340,2,0.5
02/04/2022 21:00,43,6,328,346.5,2,0.5
02/04/2022 21:30,44,6,276.35,183.1,2,0.5
02/04/2022 22:00,45,6,263,183,2,0.5
02/04/2022 22:30,46,6,246,183.1,2,0.5
02/04/2022 23:00,47,1,260,183.1,0.55,0.54
02/04/2022 23:30,48,1,242,252,0.55,0.54
03/04/2022 00:00,1,1,272,254,0.55,0.54
03/04/2022 00:30,2,1,246,252,0.55,0.54
03/04/2022 01:00,3,1,240,252,0.55,0.54
03/04/2022 01:30,4,1,254,251.8,0.55,0.54
03/04/2022 02:00,5,1,261,251.8,0.55,0.54
03/04/2022 02:30,6,1,225,250,0.55,0.54
03/04/2022 03:00,7,2,233.6,182,2.88,2.88
03/04/2022 03:30,8,2,214,181.6,2.88,2.88
03/04/2022 04:00,9,2,245.25,249,2.88,2.88
03/04/2022 04:30,10,2,214,183.9,2.88,2.88
03/04/2022 05:00,11,2,220.8,184,2.88,2.88
03/04/2022 05:30,12,2,240,183.9,2.88,2.88
03/04/2022 06:00,13,2,227,181.75,2.88,2.88
03/04/2022 06:30,14,2,241.6,181.75,2.88,2.88
03/04/2022 07:00,15,3,213.9,181.75,1.49,0.57
03/04/2022 07:30,16,3,268.6,249,1.49,0.57
03/04/2022 08:00,17,3,230.2,347,1.49,0.57
03/04/2022 08:30,18,3,251.8,335,1.49,0.57
03/04/2022 09:00,19,3,196.6,310,1.49,0.57
03/04/2022 09:30,20,3,253,294,1.49,0.57
03/04/2022 10:00,21,3,196.4,310,1.49,0.57
03/04/2022 10:30,22,3,246,294,1.49,0.57
03/04/2022 11:00,23,4,222.8,175,1.86,0.5
03/04/2022 11:30,24,4,215,175.15,1.86,0.5
03/04/2022 12:00,25,4,224,175.15,1.86,0.5
03/04/2022 12:30,26,4,223.7,175.15,1.86,0.5
03/04/2022 13:00,27,4,209.6,310,1.86,0.5
03/04/2022 13:30,28,4,203,175.15,1.86,0.5
03/04/2022 14:00,29,4,205.6,160.2,1.86,0.5
03/04/2022 14:30,30,4,211.8,-56.58,1.86,0.5
03/04/2022 15:00,31,5,200,-54.85,47.98,1.2
03/04/2022 15:30,32,5,213.1,-56.58,47.98,1.2
03/04/2022 16:00,33,5,220,252,47.98,1.2
03/04/2022 16:30,34,5,238,265,47.98,1.2
03/04/2022 17:00,35,5,246.35,265,47.98,1.2
03/04/2022 17:30,36,5,300,265,47.98,1.2
03/04/2022 18:00,37,5,291.2,300,47.98,1.2
03/04/2022 18:30,38,5,263.4,334.5,47.98,1.2
03/04/2022 19:00,39,6,249,275,4.24,1.37
03/04/2022 19:30,40,6,235,135,4.24,1.37
03/04/2022 20:00,41,6,262.4,145,4.24,1.37
03/04/2022 20:30,42,6,174,120,4.24,1.37
03/04/2022 21:00,43,6,255,235,4.24,1.37
03/04/2022 21:30,44,6,205,235,4.24,1.37
03/04/2022 22:00,45,6,238,234,4.24,1.37
03/04/2022 22:30,46,6,175,147,4.24,1.37
03/04/2022 23:00,47,1,185,0,2.2,2.2
03/04/2022 23:30,48,1,165,0,2.2,2.2
04/04/2022 00:00,1,1,187,5,2.2,2.2
04/04/2022 00:30,2,1,140,5,2.2,2.2
04/04/2022 01:00,3,1,140,155,2.2,2.2
04/04/2022 01:30,4,1,162,60.87,2.2,2.2
04/04/2022 02:00,5,1,143,77.68,2.2,2.2
04/04/2022 02:30,6,1,115.2,43.15,2.2,2.2
04/04/2022 03:00,7,2,131.2,44.93,16.48,8.17
04/04/2022 03:30,8,2,113,40.7,16.48,8.17
04/04/2022 04:00,9,2,130,39.01,16.48,8.17
04/04/2022 04:30,10,2,122,31.62,16.48,8.17
04/04/2022 05:00,11,2,138,80.82,16.48,8.17
04/04/2022 05:30,12,2,140,230,16.48,8.17
04/04/2022 06:00,13,2,183.4,119.71,16.48,8.17
04/04/2022 06:30,14,2,208.5,235,16.48,8.17
04/04/2022 07:00,15,3,180,244,5,5.2
04/04/2022 07:30,16,3,226,255.55,5,5.2
04/04/2022 08:00,17,3,215,255.55,5,5.2
04/04/2022 08:30,18,3,207.7,258,5,5.2
04/04/2022 09:00,19,3,220,22,5,5.2
04/04/2022 09:30,20,3,220,155.71,5,5.2
04/04/2022 10:00,21,3,214.4,233,5,5.2
04/04/2022 10:30,22,3,209.95,234,5,5.2
04/04/2022 11:00,23,4,200.6,250,1.86,1.83
04/04/2022 11:30,24,4,210.5,250,1.86,1.83
04/04/2022 12:00,25,4,220.8,250,1.86,1.83
04/04/2022 12:30,26,4,208.5,250,1.86,1.83
04/04/2022 13:00,27,4,195.2,156,1.86,1.83
04/04/2022 13:30,28,4,172.4,200,1.86,1.83
04/04/2022 14:00,29,4,180,233,1.86,1.83
04/04/2022 14:30,30,4,180,200,1.86,1.83
04/04/2022 15:00,31,5,174.4,138,60,10
04/04/2022 15:30,32,5,198,145.1,60,10
04/04/2022 16:00,33,5,174.4,258,60,10
04/04/2022 16:30,34,5,222.7,263,60,10
04/04/2022 17:00,35,5,227.5,267,60,10
04/04/2022 17:30,36,5,265.6,267,60,10
04/04/2022 18:00,37,5,252,267,60,10
04/04/2022 18:30,38,5,255,267,60,10
04/04/2022 19:00,39,6,261,267,3.61,3.61
04/04/2022 19:30,40,6,251,267,3.61,3.61
04/04/2022 20:00,41,6,249,262.5,3.61,3.61
04/04/2022 20:30,42,6,224,146.05,3.61,3.61
04/04/2022 21:00,43,6,227.8,146.2,3.61,3.61
04/04/2022 21:30,44,6,190,146.3,3.61,3.61
04/04/2022 22:00,45,6,181,147,3.61,3.61
04/04/2022 22:30,46,6,155,245,3.61,3.61
04/04/2022 23:00,47,1,205,244,5.1,6
04/04/2022 23:30,48,1,208.2,245,5.1,6
05/04/2022 00:00,1,1,186.4,233,5.1,6
05/04/2022 00:30,2,1,175,233,5.1,6
05/04/2022 01:00,3,1,186.4,233,5.1,6
05/04/2022 01:30,4,1,210.95,235,5.1,6
05/04/2022 02:00,5,1,196.8,233,5.1,6
05/04/2022 02:30,6,1,186.4,235,5.1,6
05/04/2022 03:00,7,2,186.4,235,26.28,8.5
05/04/2022 03:30,8,2,175,235,26.28,8.5
05/04/2022 04:00,9,2,177.7,235,26.28,8.5
05/04/2022 04:30,10,2,180,233,26.28,8.5
05/04/2022 05:00,11,2,210.7,235,26.28,8.5
05/04/2022 05:30,12,2,207,248.95,26.28,8.5
05/04/2022 06:00,13,2,186.4,248.95,26.28,8.5
05/04/2022 06:30,14,2,210,248.95,26.28,8.5
05/04/2022 07:00,15,3,184.5,146.3,10,1.2
05/04/2022 07:30,16,3,245.5,248.95,10,1.2
05/04/2022 08:00,17,3,246.9,310,10,1.2
05/04/2022 08:30,18,3,245,248.95,10,1.2
05/04/2022 09:00,19,3,242,146.05,10,1.2
05/04/2022 09:30,20,3,232,146,10,1.2
05/04/2022 10:00,21,3,218,141,10,1.2
05/04/2022 10:30,22,3,194.5,146,10,1.2
05/04/2022 11:00,23,4,204.95,148,2.98,2.98
05/04/2022 11:30,24,4,200.7,148.1,2.98,2.98
05/04/2022 12:00,25,4,182,248.95,2.98,2.98
05/04/2022 12:30,26,4,179.4,248.95,2.98,2.98
05/04/2022 13:00,27,4,176.5,146.2,2.98,2.98
05/04/2022 13:30,28,4,158,146,2.98,2.98
05/04/2022 14:00,29,4,150,80,2.98,2.98
05/04/2022 14:30,30,4,160,146,2.98,2.98
05/04/2022 15:00,31,5,158,225,70,5.35
05/04/2022 15:30,32,5,179.1,147.7,70,5.35
05/04/2022 16:00,33,5,177.4,148.6,70,5.35
05/04/2022 16:30,34,5,212.8,226,70,5.35
05/04/2022 17:00,35,5,200.4,245,70,5.35
05/04/2022 17:30,36,5,236.8,250,70,5.35
05/04/2022 18:00,37,5,235,255,70,5.35
05/04/2022 18:30,38,5,229,255,70,5.35
05/04/2022 19:00,39,6,220,259.5,55,2.95
05/04/2022 19:30,40,6,200,255,55,2.95
05/04/2022 20:00,41,6,204,255,55,2.95
05/04/2022 20:30,42,6,193.2,0,55,2.95
05/04/2022 21:00,43,6,208,148.15,55,2.95
05/04/2022 21:30,44,6,190,142,55,2.95
05/04/2022 22:00,45,6,178.4,142,55,2.95
05/04/2022 22:30,46,6,147.8,78,55,2.95
05/04/2022 23:00,47,1,163.2,210,37,1.2
05/04/2022 23:30,48,1,131.2,209,37,1.2
06/04/2022 00:00,1,1,145,209,37,1.2
06/04/2022 00:30,2,1,130,210,37,1.2
06/04/2022 01:00,3,1,131.45,210,37,1.2
06/04/2022 01:30,4,1,166,228,37,1.2
06/04/2022 02:00,5,1,160,213.46074,37,1.2
06/04/2022 02:30,6,1,136,228,37,1.2
06/04/2022 03:00,7,2,150.4,209,51,10.88
06/04/2022 03:30,8,2,131,179.04,51,10.88
06/04/2022 04:00,9,2,147.2,233,51,10.88
06/04/2022 04:30,10,2,148.4,235,51,10.88
06/04/2022 05:00,11,2,145,209,51,10.88
06/04/2022 05:30,12,2,162.5,65,51,10.88
06/04/2022 06:00,13,2,175,228,51,10.88
06/04/2022 06:30,14,2,190,228,51,10.88
06/04/2022 07:00,15,3,184,232,89,0.78
06/04/2022 07:30,16,3,210,233,89,0.78
06/04/2022 08:00,17,3,211,233,89,0.78
06/04/2022 08:30,18,3,211,233,89,0.78
06/04/2022 09:00,19,3,216,149.05,89,0.78
06/04/2022 09:30,20,3,204.6,141,89,0.78
06/04/2022 10:00,21,3,218,141,89,0.78
06/04/2022 10:30,22,3,215,138,89,0.78
06/04/2022 11:00,23,4,208,141,85,2.5
06/04/2022 11:30,24,4,203,147,85,2.5
06/04/2022 12:00,25,4,217.6,147,85,2.5
06/04/2022 12:30,26,4,210,149.5,85,2.5
06/04/2022 13:00,27,4,204.8,141,85,2.5
06/04/2022 13:30,28,4,180,130,85,2.5
06/04/2022 14:00,29,4,186,130,85,2.5
06/04/2022 14:30,30,4,176.2,141,85,2.5
06/04/2022 15:00,31,5,172,147,103,6.51
06/04/2022 15:30,32,5,172,149.5,103,6.51
06/04/2022 16:00,33,5,167.9,141,103,6.51
06/04/2022 16:30,34,5,198.1,150.05,103,6.51
06/04/2022 17:00,35,5,164.6,294.89,103,6.51
06/04/2022 17:30,36,5,214,263,103,6.51
06/04/2022 18:00,37,5,215,263,103,6.51
06/04/2022 18:30,38,5,214,349,103,6.51
06/04/2022 19:00,39,6,215,349,79.99,2.95
06/04/2022 19:30,40,6,210,349,79.99,2.95
06/04/2022 20:00,41,6,202,349,79.99,2.95
06/04/2022 20:30,42,6,199.8,263,79.99,2.95
06/04/2022 21:00,43,6,215,255,79.99,2.95
06/04/2022 21:30,44,6,188.4,253,79.99,2.95
06/04/2022 22:00,45,6,183.2,150.25,79.99,2.95
06/04/2022 22:30,46,6,152,150.25,79.99,2.95
06/04/2022 23:00,47,1,218,215,46.99,4.98
06/04/2022 23:30,48,1,146,220.39452,46.99,4.98
07/04/2022 00:00,1,1,156.6,225,46.99,4.98
07/04/2022 00:30,2,1,130,225,46.99,4.98
07/04/2022 01:00,3,1,144.4,221,46.99,4.98
07/04/2022 01:30,4,1,181.6,225,46.99,4.98
07/04/2022 02:00,5,1,160,225,46.99,4.98
07/04/2022 02:30,6,1,140,225,46.99,4.98
07/04/2022 03:00,7,2,135,225,62.99,11.98
07/04/2022 03:30,8,2,120,221,62.99,11.98
07/04/2022 04:00,9,2,156,220,62.99,11.98
07/04/2022 04:30,10,2,136.3,153.85013,62.99,11.98
07/04/2022 05:00,11,2,129.2,215,62.99,11.98
07/04/2022 05:30,12,2,163.2,215,62.99,11.98
07/04/2022 06:00,13,2,182,225,62.99,11.98
07/04/2022 06:30,14,2,224,225,62.99,11.98
07/04/2022 07:00,15,3,190,225,104,3.96
07/04/2022 07:30,16,3,249.6,225,104,3.96
07/04/2022 08:00,17,3,230,130,104,3.96
07/04/2022 08:30,18,3,220.8,130,104,3.96
07/04/2022 09:00,19,3,208,135,104,3.96
07/04/2022 09:30,20,3,186,135,104,3.96
07/04/2022 10:00,21,3,190.8,0,104,3.96
07/04/2022 10:30,22,3,182.4,222,104,3.96
07/04/2022 11:00,23,4,180.1,222,77,4
07/04/2022 11:30,24,4,176,222,77,4
07/04/2022 12:00,25,4,168.81,225,77,4
07/04/2022 12:30,26,4,178,225,77,4
07/04/2022 13:00,27,4,183.9,222,77,4
07/04/2022 13:30,28,4,169.4,222,77,4
07/04/2022 14:00,29,4,163.2,151,77,4
07/04/2022 14:30,30,4,167,151,77,4
07/04/2022 15:00,31,5,159.5,150.2,81.98,5.92
07/04/2022 15:30,32,5,189.6,222,81.98,5.92
07/04/2022 16:00,33,5,162.5,130,81.98,5.92
07/04/2022 16:30,34,5,190,130,81.98,5.92
07/04/2022 17:00,35,5,176.3,215,81.98,5.92
07/04/2022 17:30,36,5,220,212.46,81.98,5.92
07/04/2022 18:00,37,5,200.56,238,81.98,5.92
07/04/2022 18:30,38,5,214,238,81.98,5.92
07/04/2022 19:00,39,6,240,288,47.91,3.95
07/04/2022 19:30,40,6,230.4,325,47.91,3.95
07/04/2022 20:00,41,6,246,324,47.91,3.95
07/04/2022 20:30,42,6,219.4,325,47.91,3.95
07/04/2022 21:00,43,6,240,325,47.91,3.95
07/04/2022 21:30,44,6,197.7,324.95,47.91,3.95
07/04/2022 22:00,45,6,220,305,47.91,3.95
07/04/2022 22:30,46,6,193,238,47.91,3.95
07/04/2022 23:00,47,1,199,151.1,2.6,5
07/04/2022 23:30,48,1,174.5,150.1,2.6,5
08/04/2022 00:00,1,1,175,138,2.6,5
08/04/2022 00:30,2,1,167.2,225,2.6,5
08/04/2022 01:00,3,1,168.2,238,2.6,5
08/04/2022 01:30,4,1,213.4,238,2.6,5
08/04/2022 02:00,5,1,185,238,2.6,5
08/04/2022 02:30,6,1,183.9,238,2.6,5
08/04/2022 03:00,7,2,183,238,1.2,6
08/04/2022 03:30,8,2,183.9,238,1.2,6
08/04/2022 04:00,9,2,193.65,238,1.2,6
08/04/2022 04:30,10,2,184.3,152,1.2,6
08/04/2022 05:00,11,2,226,252.58858,1.2,6
08/04/2022 05:30,12,2,198,152,1.2,6
08/04/2022 06:00,13,2,214,265,1.2,6
08/04/2022 06:30,14,2,249.6,294,1.2,6
08/04/2022 07:00,15,3,240,319.95,0.99,0.73
08/04/2022 07:30,16,3,279,325,0.99,0.73
08/04/2022 08:00,17,3,260,324,0.99,0.73
08/04/2022 08:30,18,3,253.1,334.9,0.99,0.73
08/04/2022 09:00,19,3,265.7,330,0.99,0.73
08/04/2022 09:30,20,3,250.1,152.1,0.99,0.73
08/04/2022 10:00,21,3,248,152.1,0.99,0.73
08/04/2022 10:30,22,3,220,60,0.99,0.73
08/04/2022 11:00,23,4,231.53,147,4.84,1.86
08/04/2022 11:30,24,4,214,147,4.84,1.86
08/04/2022 12:00,25,4,216,153,4.84,1.86
08/04/2022 12:30,26,4,209.6,147,4.84,1.86
08/04/2022 13:00,27,4,199.7,147,4.84,1.86
08/04/2022 13:30,28,4,190,152.1,4.84,1.86
08/04/2022 14:00,29,4,184,152.1,4.84,1.86
08/04/2022 14:30,30,4,176,152.1,4.84,1.86
08/04/2022 15:00,31,5,170,148,59.98,7
08/04/2022 15:30,32,5,172,152.1,59.98,7
08/04/2022 16:00,33,5,174,153.01,59.98,7
08/04/2022 16:30,34,5,190,154,59.98,7
08/04/2022 17:00,35,5,177,152.1,59.98,7
08/04/2022 17:30,36,5,218.9,188.4,59.98,7
08/04/2022 18:00,37,5,214.4,256,59.98,7
08/04/2022 18:30,38,5,223.1,275,59.98,7
08/04/2022 19:00,39,6,230,275,10.23,4
08/04/2022 19:30,40,6,225.6,275,10.23,4
08/04/2022 20:00,41,6,230,275,10.23,4
08/04/2022 20:30,42,6,190.4,275,10.23,4
08/04/2022 21:00,43,6,216.8,275,10.23,4
08/04/2022 21:30,44,6,170,155.5,10.23,4
08/04/2022 22:00,45,6,215.4,152,10.23,4
08/04/2022 22:30,46,6,182.4,151.87099,10.23,4
08/04/2022 23:00,47,1,210,229,4.83,1.2
08/04/2022 23:30,48,1,184,265,4.83,1.2
09/04/2022 00:00,1,1,190.5,285,4.83,1.2
09/04/2022 00:30,2,1,169.6,206.07,4.83,1.2
09/04/2022 01:00,3,1,191.1,200,4.83,1.2
09/04/2022 01:30,4,1,211.1,265,4.83,1.2
09/04/2022 02:00,5,1,191.8,265,4.83,1.2
09/04/2022 02:30,6,1,184,200,4.83,1.2
09/04/2022 03:00,7,2,205,157,6.25,1.2
09/04/2022 03:30,8,2,188.8,156,6.25,1.2
09/04/2022 04:00,9,2,204.3,156,6.25,1.2
09/04/2022 04:30,10,2,191.1,156,6.25,1.2
09/04/2022 05:00,11,2,191,229,6.25,1.2
09/04/2022 05:30,12,2,190.4,295,6.25,1.2
09/04/2022 06:00,13,2,182.6,233,6.25,1.2
09/04/2022 06:30,14,2,198,275,6.25,1.2
09/04/2022 07:00,15,3,196.8,324,15.48,1
09/04/2022 07:30,16,3,236,322,15.48,1
09/04/2022 08:00,17,3,235.1,321.9,15.48,1
09/04/2022 08:30,18,3,229,295,15.48,1
09/04/2022 09:00,19,3,222.4,248,15.48,1
09/04/2022 09:30,20,3,205.6,125,15.48,1
09/04/2022 10:00,21,3,206.4,260,15.48,1
09/04/2022 10:30,22,3,195.2,248,15.48,1
09/04/2022 11:00,23,4,197.6,248,47.98,1.1
09/04/2022 11:30,24,4,204,248,47.98,1.1
09/04/2022 12:00,25,4,181,248,47.98,1.1
09/04/2022 12:30,26,4,181,235,47.98,1.1
09/04/2022 13:00,27,4,180.8,235,47.98,1.1
09/04/2022 13:30,28,4,173,157.55,47.98,1.1
09/04/2022 14:00,29,4,168,157.55,47.98,1.1
09/04/2022 14:30,30,4,172,235,47.98,1.1
09/04/2022 15:00,31,5,174.8,235,69,5.55
09/04/2022 15:30,32,5,175,225,69,5.55
09/04/2022 16:00,33,5,174.9,235,69,5.55
09/04/2022 16:30,34,5,206.5,158,69,5.55
09/04/2022 17:00,35,5,167,158,69,5.55
09/04/2022 17:30,36,5,210,158,69,5.55
09/04/2022 18:00,37,5,209,158.65,69,5.55
09/04/2022 18:30,38,5,238.3,323,69,5.55
09/04/2022 19:00,39,6,235.8,158.65,2.49,0.62
09/04/2022 19:30,40,6,241.2,300,2.49,0.62
09/04/2022 20:00,41,6,248,158.65,2.49,0.62
09/04/2022 20:30,42,6,228,158.65,2.49,0.62
09/04/2022 21:00,43,6,253,158.65,2.49,0.62
09/04/2022 21:30,44,6,233,0,2.49,0.62
09/04/2022 22:00,45,6,238,158.6,2.49,0.62
09/04/2022 22:30,46,6,212.8,158.6,2.49,0.62
09/04/2022 23:00,47,1,247.9,257,2.35,2.35
09/04/2022 23:30,48,1,235,320,2.35,2.35
10/04/2022 00:00,1,1,230,249.5,2.35,2.35
10/04/2022 00:30,2,1,225.6,323,2.35,2.35
10/04/2022 01:00,3,1,216,159.65,2.35,2.35
10/04/2022 01:30,4,1,225,160.05,2.35,2.35
10/04/2022 02:00,5,1,225.6,160.1,2.35,2.35
10/04/2022 02:30,6,1,205,160.15,2.35,2.35
10/04/2022 03:00,7,2,218,200,2.55,2.55
10/04/2022 03:30,8,2,200,295,2.55,2.55
10/04/2022 04:00,9,2,210,300,2.55,2.55
10/04/2022 04:30,10,2,193.8,264,2.55,2.55
10/04/2022 05:00,11,2,200,160.3,2.55,2.55
10/04/2022 05:30,12,2,202,160.3,2.55,2.55
10/04/2022 06:00,13,2,201.9,160.1,2.55,2.55
10/04/2022 06:30,14,2,212.6,160.5,2.55,2.55
10/04/2022 07:00,15,3,193.9,160.3,7.25,0.9
10/04/2022 07:30,16,3,233.8,158.5,7.25,0.9
10/04/2022 08:00,17,3,186.2,155.5,7.25,0.9
10/04/2022 08:30,18,3,206.85,160.5,7.25,0.9
10/04/2022 09:00,19,3,182,160.5,7.25,0.9
10/04/2022 09:30,20,3,204,160.5,7.25,0.9
10/04/2022 10:00,21,3,172,160.5,7.25,0.9
10/04/2022 10:30,22,3,185.6,158.65827,7.25,0.9
10/04/2022 11:00,23,4,172,160.6,7.29,0.69
10/04/2022 11:30,24,4,174,158,7.29,0.69
10/04/2022 12:00,25,4,176.2,160.5,7.29,0.69
10/04/2022 12:30,26,4,175,160.5,7.29,0.69
10/04/2022 13:00,27,4,175,140,7.29,0.69
10/04/2022 13:30,28,4,172,157,7.29,0.69
10/04/2022 14:00,29,4,172,160.8,7.29,0.69
10/04/2022 14:30,30,4,172,160.8,7.29,0.69
10/04/2022 15:00,31,5,172,224.5,58.62,1
10/04/2022 15:30,32,5,180,160.8,58.62,1
10/04/2022 16:00,33,5,194.1,160.8,58.62,1
10/04/2022 16:30,34,5,210,160.8,58.62,1
10/04/2022 17:00,35,5,215,162.1,58.62,1
10/04/2022 17:30,36,5,226,160,58.62,1
10/04/2022 18:00,37,5,232.5,162.1,58.62,1
10/04/2022 18:30,38,5,218,144.1,58.62,1
10/04/2022 19:00,39,6,237.2,295,4.09,0.75
10/04/2022 19:30,40,6,224,295,4.09,0.75
10/04/2022 20:00,41,6,242.8,295,4.09,0.75
10/04/2022 20:30,42,6,206,144.1,4.09,0.75
10/04/2022 21:00,43,6,221.75,163,4.09,0.75
10/04/2022 21:30,44,6,172,143,4.09,0.75
10/04/2022 22:00,45,6,204,145,4.09,0.75
10/04/2022 22:30,46,6,172,145,4.09,0.75
10/04/2022 23:00,47,1,220.8,155,3,3.01
10/04/2022 23:30,48,1,212.3,158,3,3.01
11/04/2022 00:00,1,1,200,158,3,3.01
11/04/2022 00:30,2,1,191.4,141,3,3.01
11/04/2022 01:00,3,1,187.3,141,3,3.01
11/04/2022 01:30,4,1,202.6,141,3,3.01
11/04/2022 02:00,5,1,202.5,200,3,3.01
11/04/2022 02:30,6,1,187.1,265,3,3.01
11/04/2022 03:00,7,2,195,220,3.77,3.74
11/04/2022 03:30,8,2,173,151,3.77,3.74
11/04/2022 04:00,9,2,222,225,3.77,3.74
11/04/2022 04:30,10,2,200,225,3.77,3.74
11/04/2022 05:00,11,2,236.02,294.5,3.77,3.74
11/04/2022 05:30,12,2,228,294.5,3.77,3.74
11/04/2022 06:00,13,2,202.7,250,3.77,3.74
11/04/2022 06:30,14,2,237.3,152.05,3.77,3.74
11/04/2022 07:00,15,3,204.5,152.05,59.79,1.2
11/04/2022 07:30,16,3,260.8,152.05,59.79,1.2
11/04/2022 08:00,17,3,230.4,304.9,59.79,1.2
11/04/2022 08:30,18,3,215,304.9,59.79,1.2
11/04/2022 09:00,19,3,191.28,245,59.79,1.2
11/04/2022 09:30,20,3,162,150,59.79,1.2
11/04/2022 10:00,21,3,179.4,150,59.79,1.2
11/04/2022 10:30,22,3,162.6,150,59.79,1.2
11/04/2022 11:00,23,4,176,143.05,47.98,5.5
11/04/2022 11:30,24,4,182,-8.52,47.98,5.5
11/04/2022 12:00,25,4,179.5,-10,47.98,5.5
11/04/2022 12:30,26,4,157,0,47.98,5.5
11/04/2022 13:00,27,4,169.2,-63.02,47.98,5.5
11/04/2022 13:30,28,4,154.8,-63.02,47.98,5.5
11/04/2022 14:00,29,4,152.2,100,47.98,5.5
11/04/2022 14:30,30,4,155,133.13,47.98,5.5
11/04/2022 15:00,31,5,145,135.58,80.98,5.5
11/04/2022 15:30,32,5,172.4,134.17,80.98,5.5
11/04/2022 16:00,33,5,155.5,204,80.98,5.5
11/04/2022 16:30,34,5,233.6,204,80.98,5.5
11/04/2022 17:00,35,5,210,214,80.98,5.5
11/04/2022 17:30,36,5,239.2,50,80.98,5.5
11/04/2022 18:00,37,5,236.8,215,80.98,5.5
11/04/2022 18:30,38,5,237.1,215,80.98,5.5
11/04/2022 19:00,39,6,231.72,214.5,25.05,5.16
11/04/2022 19:30,40,6,210,214.5,25.05,5.16
11/04/2022 20:00,41,6,225,214.5,25.05,5.16
11/04/2022 20:30,42,6,212,214,25.05,5.16
11/04/2022 21:00,43,6,241.6,50,25.05,5.16
11/04/2022 21:30,44,6,154,112,25.05,5.16
11/04/2022 22:00,45,6,198,112,25.05,5.16
11/04/2022 22:30,46,6,131.2,130,25.05,5.16
11/04/2022 23:00,47,1,179.6,95,1.5,11.98
11/04/2022 23:30,48,1,156.4,200,1.5,11.98
12/04/2022 00:00,1,1,164.6,200,1.5,11.98
12/04/2022 00:30,2,1,155,210,1.5,11.98
12/04/2022 01:00,3,1,154.9,210,1.5,11.98
12/04/2022 01:30,4,1,176.7,265,1.5,11.98
12/04/2022 02:00,5,1,163.6,265,1.5,11.98
12/04/2022 02:30,6,1,164.8,230,1.5,11.98
12/04/2022 03:00,7,2,161.6,200,3.33,11.98
12/04/2022 03:30,8,2,162,230,3.33,11.98
12/04/2022 04:00,9,2,174,230,3.33,11.98
12/04/2022 04:30,10,2,176,155,3.33,11.98
12/04/2022 05:00,11,2,200.3,265,3.33,11.98
12/04/2022 05:30,12,2,189.9,142,3.33,11.98
12/04/2022 06:00,13,2,207,291,3.33,11.98
12/04/2022 06:30,14,2,190,133,3.33,11.98
12/04/2022 07:00,15,3,163.6,133,1.07,8.94
12/04/2022 07:30,16,3,240,215,1.07,8.94
12/04/2022 08:00,17,3,210,125,1.07,8.94
12/04/2022 08:30,18,3,214.1,215,1.07,8.94
12/04/2022 09:00,19,3,205,225,1.07,8.94
12/04/2022 09:30,20,3,200,225,1.07,8.94
12/04/2022 10:00,21,3,195.2,215,1.07,8.94
12/04/2022 10:30,22,3,192,149,1.07,8.94
12/04/2022 11:00,23,4,194,225,0.92,3.18
12/04/2022 11:30,24,4,191.4,225,0.92,3.18
12/04/2022 12:00,25,4,182,215,0.92,3.18
12/04/2022 12:30,26,4,180.6,142.66,0.92,3.18
12/04/2022 13:00,27,4,189.8,142.6,0.92,3.18
12/04/2022 13:30,28,4,178,142.6,0.92,3.18
12/04/2022 14:00,29,4,180,142.69,0.92,3.18
12/04/2022 14:30,30,4,176,248,0.92,3.18
12/04/2022 15:00,31,5,170,248,4.51,5.5
12/04/2022 15:30,32,5,185.85,248,4.51,5.5
12/04/2022 16:00,33,5,180,225,4.51,5.5
12/04/2022 16:30,34,5,197,143.25,4.51,5.5
12/04/2022 17:00,35,5,182,138.15,4.51,5.5
12/04/2022 17:30,36,5,225.6,138.15,4.51,5.5
12/04/2022 18:00,37,5,226.5,138.15,4.51,5.5
12/04/2022 18:30,38,5,212.1,259,4.51,5.5
12/04/2022 19:00,39,6,240,287.90009,1.5,7.84
12/04/2022 19:30,40,6,234,291,1.5,7.84
12/04/2022 20:00,41,6,240,293,1.5,7.84
12/04/2022 20:30,42,6,220,274,1.5,7.84
12/04/2022 21:00,43,6,246,259,1.5,7.84
12/04/2022 21:30,44,6,160,225,1.5,7.84
12/04/2022 22:00,45,6,183.2,145.2,1.5,7.84
12/04/2022 22:30,46,6,160,215,1.5,7.84
12/04/2022 23:00,47,1,185.5,242,1.22,2.99
12/04/2022 23:30,48,1,170,245,1.22,2.99
13/04/2022 00:00,1,1,158,245,1.22,2.99
13/04/2022 00:30,2,1,156,218,1.22,2.99
13/04/2022 01:00,3,1,156,218,1.22,2.99
13/04/2022 01:30,4,1,156.8,218,1.22,2.99
13/04/2022 02:00,5,1,156,144.25,1.22,2.99
13/04/2022 02:30,6,1,156,138,1.22,2.99
13/04/2022 03:00,7,2,161.1,138,1.22,3.62
13/04/2022 03:30,8,2,156,144,1.22,3.62
13/04/2022 04:00,9,2,158,144.2,1.22,3.62
13/04/2022 04:30,10,2,158,145,1.22,3.62
13/04/2022 05:00,11,2,181.8,144.2,1.22,3.62
13/04/2022 05:30,12,2,183,144.2,1.22,3.62
13/04/2022 06:00,13,2,195,144.3,1.22,3.62
13/04/2022 06:30,14,2,210,145,1.22,3.62
13/04/2022 07:00,15,3,224,228,10.55,0.66
13/04/2022 07:30,16,3,249.6,228,10.55,0.66
13/04/2022 08:00,17,3,235.3,145,10.55,0.66
13/04/2022 08:30,18,3,228.8,223.72,10.55,0.66
13/04/2022 09:00,19,3,226,287.9002,10.55,0.66
13/04/2022 09:30,20,3,211,145,10.55,0.66
13/04/2022 10:00,21,3,210,145,10.55,0.66
13/04/2022 10:30,22,3,197.95,247,10.55,0.66
13/04/2022 11:00,23,4,193.6,290,5.1,1.07
13/04/2022 11:30,24,4,183,247,5.1,1.07
13/04/2022 12:00,25,4,185,238.95,5.1,1.07
13/04/2022 12:30,26,4,174.4,239,5.1,1.07
13/04/2022 13:00,27,4,172,239,5.1,1.07
13/04/2022 13:30,28,4,158.5,238.95,5.1,1.07
13/04/2022 14:00,29,4,162,239,5.1,1.07
13/04/2022 14:30,30,4,158.5,235,5.1,1.07
13/04/2022 15:00,31,5,164.3,150,12.97,2.04
13/04/2022 15:30,32,5,183,235,12.97,2.04
13/04/2022 16:00,33,5,173.2,146,12.97,2.04
13/04/2022 16:30,34,5,191.2,235,12.97,2.04
13/04/2022 17:00,35,5,207.3,146.3,12.97,2.04
13/04/2022 17:30,36,5,236.4,146.37,12.97,2.04
13/04/2022 18:00,37,5,240,140,12.97,2.04
13/04/2022 18:30,38,5,248,140,12.97,2.04
13/04/2022 19:00,39,6,236.8,287.9,4.78,0.87
13/04/2022 19:30,40,6,240,85,4.78,0.87
13/04/2022 20:00,41,6,236,140,4.78,0.87
13/04/2022 20:30,42,6,230.4,287.90002,4.78,0.87
13/04/2022 21:00,43,6,240,287.9,4.78,0.87
13/04/2022 21:30,44,6,175,147,4.78,0.87
13/04/2022 22:00,45,6,201.6,220,4.78,0.87
13/04/2022 22:30,46,6,166,147.05,4.78,0.87
13/04/2022 23:00,47,1,188.2,210,0.6,1.4
13/04/2022 23:30,48,1,176.5,210,0.6,1.4
14/04/2022 00:00,1,1,176.6,200,0.6,1.4
14/04/2022 00:30,2,1,164.1,200,0.6,1.4
14/04/2022 01:00,3,1,159,200,0.6,1.4
14/04/2022 01:30,4,1,169,200,0.6,1.4
14/04/2022 02:00,5,1,163.5,140.2,0.6,1.4
14/04/2022 02:30,6,1,162.5,140.2,0.6,1.4
14/04/2022 03:00,7,2,177.6,140.2,1.54,3.77
14/04/2022 03:30,8,2,163.2,140.3,1.54,3.77
14/04/2022 04:00,9,2,162.5,145,1.54,3.77
14/04/2022 04:30,10,2,160.3,200,1.54,3.77
14/04/2022 05:00,11,2,175,144,1.54,3.77
14/04/2022 05:30,12,2,162.4,140.2,1.54,3.77
14/04/2022 06:00,13,2,181.2,145,1.54,3.77
14/04/2022 06:30,14,2,229.4,242.0304,1.54,3.77
14/04/2022 07:00,15,3,192,139,0.5,0.57
14/04/2022 07:30,16,3,237.2,147.05,0.5,0.57
14/04/2022 08:00,17,3,225.6,147.05,0.5,0.57
14/04/2022 08:30,18,3,220.8,147.12,0.5,0.57
14/04/2022 09:00,19,3,208,143,0.5,0.57
14/04/2022 09:30,20,3,181.55,140.2,0.5,0.57
14/04/2022 10:00,21,3,197,132.1,0.5,0.57
14/04/2022 10:30,22,3,182.3,30,0.5,0.57
14/04/2022 11:00,23,4,190.3,30,0.6,1.95
14/04/2022 11:30,24,4,174.1,132.12,0.6,1.95
14/04/2022 12:00,25,4,183.5,132.12,0.6,1.95
14/04/2022 12:30,26,4,172.8,132.4,0.6,1.95
14/04/2022 13:00,27,4,186.8,224.95,0.6,1.95
14/04/2022 13:30,28,4,160,122.1,0.6,1.95
14/04/2022 14:00,29,4,177.6,132.34819,0.6,1.95
14/04/2022 14:30,30,4,172.4,132.4,0.6,1.95
14/04/2022 15:00,31,5,163.5,135,1,5.49
14/04/2022 15:30,32,5,186,135,1,5.49
14/04/2022 16:00,33,5,157.4,130,1,5.49
14/04/2022 16:30,34,5,215.2,120,1,5.49
14/04/2022 17:00,35,5,207.8,0,1,5.49
14/04/2022 17:30,36,5,230.2,85,1,5.49
14/04/2022 18:00,37,5,231,259,1,5.49
14/04/2022 18:30,38,5,230,102,1,5.49
14/04/2022 19:00,39,6,230,245,8.55,0.5
14/04/2022 19:30,40,6,227.2,245,8.55,0.5
14/04/2022 20:00,41,6,230,242,8.55,0.5
14/04/2022 20:30,42,6,226.9,249,8.55,0.5
14/04/2022 21:00,43,6,230.5,289,8.55,0.5
14/04/2022 21:30,44,6,186.3,240,8.55,0.5
14/04/2022 22:00,45,6,204.7,240,8.55,0.5
14/04/2022 22:30,46,6,182.6,190,8.55,0.5
14/04/2022 23:00,47,1,167.2,175,0.63,1
14/04/2022 23:30,48,1,157,190,0.63,1
15/04/2022 00:00,1,1,156,190,0.63,1
15/04/2022 00:30,2,1,152,175,0.63,1
15/04/2022 01:00,3,1,145.4,104,0.63,1
15/04/2022 01:30,4,1,154,175,0.63,1
15/04/2022 02:00,5,1,152,92.4,0.63,1
15/04/2022 02:30,6,1,148,90.3,0.63,1
15/04/2022 03:00,7,2,160,91,1.55,1.85
15/04/2022 03:30,8,2,143.4,90.3,1.55,1.85
15/04/2022 04:00,9,2,150.4,92.4,1.55,1.85
15/04/2022 04:30,10,2,151.1,92.4,1.55,1.85
15/04/2022 05:00,11,2,160.91,90.1,1.55,1.85
15/04/2022 05:30,12,2,168,90.1,1.55,1.85
15/04/2022 06:00,13,2,162.4,90.1,1.55,1.85
15/04/2022 06:30,14,2,200,91,1.55,1.85
15/04/2022 07:00,15,3,152,94.8457,5.34,0.63
15/04/2022 07:30,16,3,203.2,96,5.34,0.63
15/04/2022 08:00,17,3,195.2,91.25,5.34,0.63
15/04/2022 08:30,18,3,200,90.1,5.34,0.63
15/04/2022 09:00,19,3,176.4,90.05,5.34,0.63
15/04/2022 09:30,20,3,160,80,5.34,0.63
15/04/2022 10:00,21,3,186.1,90.25,5.34,0.63
15/04/2022 10:30,22,3,138,80,5.34,0.63
15/04/2022 11:00,23,4,155,200,2.33,2.33
15/04/2022 11:30,24,4,136,200,2.33,2.33
15/04/2022 12:00,25,4,145.1,233.75,2.33,2.33
15/04/2022 12:30,26,4,132.5,93.5,2.33,2.33
15/04/2022 13:00,27,4,159.3,94,2.33,2.33
15/04/2022 13:30,28,4,130.2,93.05,2.33,2.33
15/04/2022 14:00,29,4,142,150,2.33,2.33
15/04/2022 14:30,30,4,132.5,94.55,2.33,2.33
15/04/2022 15:00,31,5,132.5,94.55,9.34,1.95
15/04/2022 15:30,32,5,150,95,9.34,1.95
15/04/2022 16:00,33,5,122,95.5,9.34,1.95
15/04/2022 16:30,34,5,186,96.5,9.34,1.95
15/04/2022 17:00,35,5,153.6,200,9.34,1.95
15/04/2022 17:30,36,5,177.9,200,9.34,1.95
15/04/2022 18:00,37,5,183.1,200,9.34,1.95
15/04/2022 18:30,38,5,195.6,249,9.34,1.95
15/04/2022 19:00,39,6,194.4,200,4.48,0.63
15/04/2022 19:30,40,6,192,200,4.48,0.63
15/04/2022 20:00,41,6,200.6,101.6,4.48,0.63
15/04/2022 20:30,42,6,194.5,102.1,4.48,0.63
15/04/2022 21:00,43,6,207.7,199,4.48,0.63
15/04/2022 21:30,44,6,160,187,4.48,0.63
15/04/2022 22:00,45,6,185,197,4.48,0.63
15/04/2022 22:30,46,6,132.5,170.5,4.48,0.63
15/04/2022 23:00,47,1,158,196,1.61,11.98
15/04/2022 23:30,48,1,164,197,1.61,11.98
16/04/2022 00:00,1,1,146,105,1.61,11.98
16/04/2022 00:30,2,1,140,105,1.61,11.98
16/04/2022 01:00,3,1,140,105.5,1.61,11.98
16/04/2022 01:30,4,1,137.6,105.5,1.61,11.98
16/04/2022 02:00,5,1,145,105.5,1.61,11.98
16/04/2022 02:30,6,1,133,105.25,1.61,11.98
16/04/2022 03:00,7,2,141,105,1.61,11
16/04/2022 03:30,8,2,144.2,105.25,1.61,11
16/04/2022 04:00,9,2,154.9,190.5,1.61,11
16/04/2022 04:30,10,2,141.8,175.10137,1.61,11
16/04/2022 05:00,11,2,143.3,105.5,1.61,11
16/04/2022 05:30,12,2,149,250,1.61,11
16/04/2022 06:00,13,2,140,105.5,1.61,11
16/04/2022 06:30,14,2,164,105.5,1.61,11
16/04/2022 07:00,15,3,132.1,105.5,19,7
16/04/2022 07:30,16,3,175.9,99,19,7
16/04/2022 08:00,17,3,139.6,103,19,7
16/04/2022 08:30,18,3,164,99.1,19,7
16/04/2022 09:00,19,3,142,99.1,19,7
16/04/2022 09:30,20,3,146,80,19,7
16/04/2022 10:00,21,3,145.22,95,19,7
16/04/2022 10:30,22,3,106.2,80,19,7
16/04/2022 11:00,23,4,120,80,24,8
16/04/2022 11:30,24,4,134,5.6,24,8
16/04/2022 12:00,25,4,123.4,80,24,8
16/04/2022 12:30,26,4,84.6,50,24,8
16/04/2022 13:00,27,4,87,40,24,8
16/04/2022 13:30,28,4,50,40,24,8
16/04/2022 14:00,29,4,47,40,24,8
16/04/2022 14:30,30,4,60.25,40,24,8
16/04/2022 15:00,31,5,80.2,150,47.98,7.29
16/04/2022 15:30,32,5,97.8,150,47.98,7.29
16/04/2022 16:00,33,5,93.7,150,47.98,7.29
16/04/2022 16:30,34,5,107,59.83,47.98,7.29
16/04/2022 17:00,35,5,116.8,200,47.98,7.29
16/04/2022 17:30,36,5,149.1,215,47.98,7.29
16/04/2022 18:00,37,5,148,215,47.98,7.29
16/04/2022 18:30,38,5,159,215,47.98,7.29
16/04/2022 19:00,39,6,150.4,244,2.5,2.95
16/04/2022 19:30,40,6,155,229.75,2.5,2.95
16/04/2022 20:00,41,6,154,72.1,2.5,2.95
16/04/2022 20:30,42,6,155,72.1,2.5,2.95
16/04/2022 21:00,43,6,165,72.5,2.5,2.95
16/04/2022 21:30,44,6,134.1,72.6,2.5,2.95
16/04/2022 22:00,45,6,155.2,73,2.5,2.95
16/04/2022 22:30,46,6,123,190,2.5,2.95
16/04/2022 23:00,47,1,118,105.09,0.7,5.11
16/04/2022 23:30,48,1,132.9,114.04,0.7,5.11
17/04/2022 00:00,1,1,130,78.25,0.7,5.11
17/04/2022 00:30,2,1,110,73,0.7,5.11
17/04/2022 01:00,3,1,99,40,0.7,5.11
17/04/2022 01:30,4,1,125,40,0.7,5.11
17/04/2022 02:00,5,1,117.6,82.43,0.7,5.11
17/04/2022 02:30,6,1,98,87.15,0.7,5.11
17/04/2022 03:00,7,2,131.2,96.36,1,4.74
17/04/2022 03:30,8,2,95.5,97.01,1,4.74
17/04/2022 04:00,9,2,126,146.85,1,4.74
17/04/2022 04:30,10,2,110.4,146.85,1,4.74
17/04/2022 05:00,11,2,110.5,110.83,1,4.74
17/04/2022 05:30,12,2,125.1,170,1,4.74
17/04/2022 06:00,13,2,108,195,1,4.74
17/04/2022 06:30,14,2,130,195,1,4.74
17/04/2022 07:00,15,3,60,190,59.5,7.99
17/04/2022 07:30,16,3,135,223,59.5,7.99
17/04/2022 08:00,17,3,60.9,170,59.5,7.99
17/04/2022 08:30,18,3,124,170,59.5,7.99
17/04/2022 09:00,19,3,70,200,59.5,7.99
17/04/2022 09:30,20,3,105,223,59.5,7.99
17/04/2022 10:00,21,3,72,223,59.5,7.99
17/04/2022 10:30,22,3,60,158,59.5,7.99
17/04/2022 11:00,23,4,83.4,158,58.99,8
17/04/2022 11:30,24,4,50,158,58.99,8
17/04/2022 12:00,25,4,30,158,58.99,8
17/04/2022 12:30,26,4,30,149.25,58.99,8
17/04/2022 13:00,27,4,60,149.25,58.99,8
17/04/2022 13:30,28,4,1,0,58.99,8
17/04/2022 14:00,29,4,36,-27.87,58.99,8
17/04/2022 14:30,30,4,40,-37.87,58.99,8
17/04/2022 15:00,31,5,0,-67.13,62.5,6
17/04/2022 15:30,32,5,64.8,-63.72,62.5,6
17/04/2022 16:00,33,5,25.1,-63.72,62.5,6
17/04/2022 16:30,34,5,126,0,62.5,6
17/04/2022 17:00,35,5,104.9,20,62.5,6
17/04/2022 17:30,36,5,133.1,157,62.5,6
17/04/2022 18:00,37,5,142.4,55.2547,62.5,6
17/04/2022 18:30,38,5,133.52,56.20364,62.5,6
17/04/2022 19:00,39,6,136,20,39.98,2.95
17/04/2022 19:30,40,6,135.2,20,39.98,2.95
17/04/2022 20:00,41,6,148,20,39.98,2.95
17/04/2022 20:30,42,6,132,145,39.98,2.95
17/04/2022 21:00,43,6,157,145,39.98,2.95
17/04/2022 21:30,44,6,93,54,39.98,2.95
17/04/2022 22:00,45,6,142,56,39.98,2.95
17/04/2022 22:30,46,6,75.1,56,39.98,2.95
17/04/2022 23:00,47,1,111,146.25,3.16,3.99
17/04/2022 23:30,48,1,67,146.25,3.16,3.99
18/04/2022 00:00,1,1,82.2,25.25,3.16,3.99
18/04/2022 00:30,2,1,68,25,3.16,3.99
18/04/2022 01:00,3,1,59.8,25,3.16,3.99
18/04/2022 01:30,4,1,94,146.25,3.16,3.99
18/04/2022 02:00,5,1,85,167,3.16,3.99
18/04/2022 02:30,6,1,68,145,3.16,3.99
18/04/2022 03:00,7,2,87.1,144,1.08,9.49
18/04/2022 03:30,8,2,82.9,167,1.08,9.49
18/04/2022 04:00,9,2,99.5,167,1.08,9.49
18/04/2022 04:30,10,2,99.5,145,1.08,9.49
18/04/2022 05:00,11,2,102.8,143.29155,1.08,9.49
18/04/2022 05:30,12,2,109.9,145.4,1.08,9.49
18/04/2022 06:00,13,2,95,145.4,1.08,9.49
18/04/2022 06:30,14,2,126,145,1.08,9.49
18/04/2022 07:00,15,3,130,110.13,6.35,6.35
18/04/2022 07:30,16,3,186.9,114.23,6.35,6.35
18/04/2022 08:00,17,3,127.8,144.95,6.35,6.35
18/04/2022 08:30,18,3,161,147,6.35,6.35
18/04/2022 09:00,19,3,127.9,144.95,6.35,6.35
18/04/2022 09:30,20,3,132.9,41,6.35,6.35
18/04/2022 10:00,21,3,140,40,6.35,6.35
18/04/2022 10:30,22,3,129,53,6.35,6.35
18/04/2022 11:00,23,4,148,53,5.29,7.41
18/04/2022 11:30,24,4,120,62.1,5.29,7.41
18/04/2022 12:00,25,4,122.6,144.95,5.29,7.41
18/04/2022 12:30,26,4,115,144.95,5.29,7.41
18/04/2022 13:00,27,4,120,175,5.29,7.41
18/04/2022 13:30,28,4,69.9,155,5.29,7.41
18/04/2022 14:00,29,4,84.8,144.95,5.29,7.41
18/04/2022 14:30,30,4,79,63,5.29,7.41
18/04/2022 15:00,31,5,82,54,2.5,10.58
18/04/2022 15:30,32,5,100,54,2.5,10.58
18/04/2022 16:00,33,5,103.2,27,2.5,10.58
18/04/2022 16:30,34,5,125.1,63,2.5,10.58
18/04/2022 17:00,35,5,140,200,2.5,10.58
18/04/2022 17:30,36,5,185,210,2.5,10.58
18/04/2022 18:00,37,5,185,210,2.5,10.58
18/04/2022 18:30,38,5,185.9,209,2.5,10.58
18/04/2022 19:00,39,6,199.9,199.95,1.08,2.95
18/04/2022 19:30,40,6,187.9,183,1.08,2.95
18/04/2022 20:00,41,6,200,200,1.08,2.95
18/04/2022 20:30,42,6,192,183,1.08,2.95
18/04/2022 21:00,43,6,210,193.892,1.08,2.95
18/04/2022 21:30,44,6,147.3,70,1.08,2.95
18/04/2022 22:00,45,6,188,175,1.08,2.95
18/04/2022 22:30,46,6,134,170,1.08,2.95
18/04/2022 23:00,47,1,184.9,170,0.65,4.41
18/04/2022 23:30,48,1,132.8,170,0.65,4.41
19/04/2022 00:00,1,1,150.4,169,0.65,4.41
19/04/2022 00:30,2,1,137.8,70.00145,0.65,4.41
19/04/2022 01:00,3,1,129,40,0.65,4.41
19/04/2022 01:30,4,1,143,40,0.65,4.41
19/04/2022 02:00,5,1,143,70.1,0.65,4.41
19/04/2022 02:30,6,1,131.2,169,0.65,4.41
19/04/2022 03:00,7,2,129,70.2,1.43,4.67
19/04/2022 03:30,8,2,129,76.25,1.43,4.67
19/04/2022 04:00,9,2,130,76.25,1.43,4.67
19/04/2022 04:30,10,2,136.3,70.3,1.43,4.67
19/04/2022 05:00,11,2,168,81,1.43,4.67
19/04/2022 05:30,12,2,196,81.1,1.43,4.67
19/04/2022 06:00,13,2,179.7,140,1.43,4.67
19/04/2022 06:30,14,2,212,81.8,1.43,4.67
19/04/2022 07:00,15,3,188,82,1.48,1.48
19/04/2022 07:30,16,3,212.9,90.5,1.48,1.48
19/04/2022 08:00,17,3,207,225.19,1.48,1.48
19/04/2022 08:30,18,3,195,91.1,1.48,1.48
19/04/2022 09:00,19,3,190,91.15,1.48,1.48
19/04/2022 09:30,20,3,180,91.16,1.48,1.48
19/04/2022 10:00,21,3,171.2,94,1.48,1.48
19/04/2022 10:30,22,3,158.8,95.01,1.48,1.48
19/04/2022 11:00,23,4,174.4,95.5,1.46,1.86
19/04/2022 11:30,24,4,163.2,97.5,1.46,1.86
19/04/2022 12:00,25,4,177.6,211.5,1.46,1.86
19/04/2022 12:30,26,4,155.2,105,1.46,1.86
19/04/2022 13:00,27,4,173.7,106,1.46,1.86
19/04/2022 13:30,28,4,144,106,1.46,1.86
19/04/2022 14:00,29,4,160,106,1.46,1.86
19/04/2022 14:30,30,4,146,106,1.46,1.86
19/04/2022 15:00,31,5,143.9,106,0.69,11.98
19/04/2022 15:30,32,5,181.4,106,0.69,11.98
19/04/2022 16:00,33,5,161,107.5,0.69,11.98
19/04/2022 16:30,34,5,222,107.75,0.69,11.98
19/04/2022 17:00,35,5,190,109,0.69,11.98
19/04/2022 17:30,36,5,200,109,0.69,11.98
19/04/2022 18:00,37,5,203.2,109.57845,0.69,11.98
19/04/2022 18:30,38,5,200,243,0.69,11.98
19/04/2022 19:00,39,6,201.4,234,5.33,2.95
19/04/2022 19:30,40,6,196.8,209,5.33,2.95
19/04/2022 20:00,41,6,195,206.9,5.33,2.95
19/04/2022 20:30,42,6,190,205,5.33,2.95
19/04/2022 21:00,43,6,200,170.58,5.33,2.95
19/04/2022 21:30,44,6,135.2,167.382,5.33,2.95
19/04/2022 22:00,45,6,198.1,193,5.33,2.95
19/04/2022 22:30,46,6,110,116.55,5.33,2.95
19/04/2022 23:00,47,1,153.1,116.55,0.6,0.63
19/04/2022 23:30,48,1,160,168.75,0.6,0.63
20/04/2022 00:00,1,1,153.6,116.6,0.6,0.63
20/04/2022 00:30,2,1,142.5,116.55,0.6,0.63
20/04/2022 01:00,3,1,141.5,116.7,0.6,0.63
20/04/2022 01:30,4,1,149.2,117.05,0.6,0.63
20/04/2022 02:00,5,1,145,117.05,0.6,0.63
20/04/2022 02:30,6,1,142.5,117.05,0.6,0.63
20/04/2022 03:00,7,2,152.2,175,1,4.67
20/04/2022 03:30,8,2,148,175,1,4.67
20/04/2022 04:00,9,2,148,175,1,4.67
20/04/2022 04:30,10,2,149.1,175,1,4.67
20/04/2022 05:00,11,2,158.7,175,1,4.67
20/04/2022 05:30,12,2,159,168.75,1,4.67
20/04/2022 06:00,13,2,174.6,189,1,4.67
20/04/2022 06:30,14,2,205,189,1,4.67
20/04/2022 07:00,15,3,195,189,1.49,6
20/04/2022 07:30,16,3,218.9,189,1.49,6
20/04/2022 08:00,17,3,195,185.3304,1.49,6
20/04/2022 08:30,18,3,171.6,118.7,1.49,6
20/04/2022 09:00,19,3,183.95,172.41,1.49,6
20/04/2022 09:30,20,3,150,120.05,1.49,6
20/04/2022 10:00,21,3,150,118.5,1.49,6
20/04/2022 10:30,22,3,148.8,119.25,1.49,6
20/04/2022 11:00,23,4,151,121.11921,1.01,4.32
20/04/2022 11:30,24,4,150,121.5,1.01,4.32
20/04/2022 12:00,25,4,154,121.5,1.01,4.32
20/04/2022 12:30,26,4,130,121.5,1.01,4.32
20/04/2022 13:00,27,4,135,121.5,1.01,4.32
20/04/2022 13:30,28,4,130,121.5,1.01,4.32
20/04/2022 14:00,29,4,130,122,1.01,4.32
20/04/2022 14:30,30,4,130,,1.01,4.32
20/04/2022 15:00,31,5,130,,2.15,4.85
20/04/2022 15:30,32,5,135.9,,2.15,4.85
20/04/2022 16:00,33,5,132.6,,2.15,4.85
20/04/2022 16:30,34,5,174.4,,2.15,4.85
20/04/2022 17:00,35,5,180,,2.15,4.85
20/04/2022 17:30,36,5,205,,2.15,4.85
20/04/2022 18:00,37,5,204.8,,2.15,4.85
20/04/2022 18:30,38,5,205,,2.15,4.85
20/04/2022 19:00,39,6,205,,2.95,4.48
20/04/2022 19:30,40,6,204.5,,2.95,4.48
20/04/2022 20:00,41,6,201.65,,2.95,4.48
20/04/2022 20:30,42,6,190.4,,2.95,4.48
20/04/2022 21:00,43,6,206.3,,2.95,4.48
20/04/2022 21:30,44,6,134.1,,2.95,4.48
20/04/2022 22:00,45,6,145,,2.95,4.48
20/04/2022 22:30,46,6,130.5,,2.95,4.48
20/04/2022 23:00,47,1,158.4,121.5,0.63,7.9
20/04/2022 23:30,48,1,144.1,121.5,0.63,7.9
21/04/2022 00:00,1,1,142,165,0.63,7.9
21/04/2022 00:30,2,1,140,165,0.63,7.9
21/04/2022 01:00,3,1,131.37,165,0.63,7.9
21/04/2022 01:30,4,1,145.6,165,0.63,7.9
21/04/2022 02:00,5,1,135,107,0.63,7.9
21/04/2022 02:30,6,1,134,105.1,0.63,7.9
21/04/2022 03:00,7,2,136,105.1,0.6,7.64
21/04/2022 03:30,8,2,134,105.25,0.6,7.64
21/04/2022 04:00,9,2,141.7,105.25,0.6,7.64
21/04/2022 04:30,10,2,140,107,0.6,7.64
21/04/2022 05:00,11,2,141.7,105,0.6,7.64
21/04/2022 05:30,12,2,146,101.5,0.6,7.64
21/04/2022 06:00,13,2,156.02,105.25,0.6,7.64
21/04/2022 06:30,14,2,186.1,238,0.6,7.64
21/04/2022 07:00,15,3,195,265,0.63,6
21/04/2022 07:30,16,3,205,264,0.63,6
21/04/2022 08:00,17,3,193.6,264,0.63,6
21/04/2022 08:30,18,3,182,259,0.63,6
21/04/2022 09:00,19,3,179,189.3,0.63,6
21/04/2022 09:30,20,3,168,187.09,0.63,6
21/04/2022 10:00,21,3,164.8,174.6,0.63,6
21/04/2022 10:30,22,3,152.8,107,0.63,6
21/04/2022 11:00,23,4,140,105.5,0.67,4.97
21/04/2022 11:30,24,4,138.8,105.5,0.67,4.97
21/04/2022 12:00,25,4,138.4,0,0.67,4.97
21/04/2022 12:30,26,4,132.2,57.5,0.67,4.97
21/04/2022 13:00,27,4,141.6,107.03292,0.67,4.97
21/04/2022 13:30,28,4,128.8,105.5,0.67,4.97
21/04/2022 14:00,29,4,127,159.5,0.67,4.97
21/04/2022 14:30,30,4,125,107.5,0.67,4.97
21/04/2022 15:00,31,5,125.1,107.5,2.5,7.78
21/04/2022 15:30,32,5,134.9,108,2.5,7.78
21/04/2022 16:00,33,5,137.4,108,2.5,7.78
21/04/2022 16:30,34,5,170,105.5,2.5,7.78
21/04/2022 17:00,35,5,158.4,110,2.5,7.78
21/04/2022 17:30,36,5,185,187,2.5,7.78
21/04/2022 18:00,37,5,171.2,187,2.5,7.78
21/04/2022 18:30,38,5,180.2,187,2.5,7.78
21/04/2022 19:00,39,6,187.5,187,2.09,3.93
21/04/2022 19:30,40,6,185.2,187,2.09,3.93
21/04/2022 20:00,41,6,180,187,2.09,3.93
21/04/2022 20:30,42,6,170,187,2.09,3.93
21/04/2022 21:00,43,6,197.5,187,2.09,3.93
21/04/2022 21:30,44,6,146.9,108.85,2.09,3.93
21/04/2022 22:00,45,6,161,104,2.09,3.93
21/04/2022 22:30,46,6,144,104,2.09,3.93
21/04/2022 23:00,47,1,151,104,1.28,8
21/04/2022 23:30,48,1,172.4,108.85,1.28,8
22/04/2022 00:00,1,1,170,170,1.28,8
22/04/2022 00:30,2,1,151.9,110,1.28,8
22/04/2022 01:00,3,1,152.5,170,1.28,8
22/04/2022 01:30,4,1,167.5,141.99,1.28,8
22/04/2022 02:00,5,1,159.75,143.71,1.28,8
22/04/2022 02:30,6,1,152.1,104.2,1.28,8
22/04/2022 03:00,7,2,157.6,104.25,2,6
22/04/2022 03:30,8,2,142.4,104.5,2,6
22/04/2022 04:00,9,2,159.5,104.8,2,6
22/04/2022 04:30,10,2,154.4,120.25,2,6
22/04/2022 05:00,11,2,156,106.05,2,6
22/04/2022 05:30,12,2,146,104.8,2,6
22/04/2022 06:00,13,2,145.6,106.2,2,6
22/04/2022 06:30,14,2,151.6,106.2,2,6
22/04/2022 07:00,15,3,169.6,106.2,2,5
22/04/2022 07:30,16,3,184,106.2,2,5
22/04/2022 08:00,17,3,174,200,2,5
22/04/2022 08:30,18,3,164,200,2,5
22/04/2022 09:00,19,3,161,194.95,2,5
22/04/2022 09:30,20,3,127,185,2,5
22/04/2022 10:00,21,3,143,185,2,5
22/04/2022 10:30,22,3,135,185,2,5
22/04/2022 11:00,23,4,135,180,16.98,5
22/04/2022 11:30,24,4,134.15,106.4,16.98,5
22/04/2022 12:00,25,4,132.7,180,16.98,5
22/04/2022 12:30,26,4,125,180,16.98,5
22/04/2022 13:00,27,4,122,180,16.98,5
22/04/2022 13:30,28,4,118.4,106.4,16.98,5
22/04/2022 14:00,29,4,119.5,104.1,16.98,5
22/04/2022 14:30,30,4,115.1,104.1,16.98,5
22/04/2022 15:00,31,5,111,96,47.98,7
22/04/2022 15:30,32,5,115.2,96,47.98,7
22/04/2022 16:00,33,5,116.95,96,47.98,7
22/04/2022 16:30,34,5,134,58,47.98,7
22/04/2022 17:00,35,5,120,234,47.98,7
22/04/2022 17:30,36,5,159,234,47.98,7
22/04/2022 18:00,37,5,156,234,47.98,7
22/04/2022 18:30,38,5,167.8,234,47.98,7
22/04/2022 19:00,39,6,170,176,2,5
22/04/2022 19:30,40,6,160,176,2,5
22/04/2022 20:00,41,6,164,176,2,5
22/04/2022 20:30,42,6,158,209.95,2,5
22/04/2022 21:00,43,6,171.75,220,2,5
22/04/2022 21:30,44,6,135,176,2,5
22/04/2022 22:00,45,6,140,176,2,5
22/04/2022 22:30,46,6,124.8,104.25,2,5
22/04/2022 23:00,47,1,140,126.73,0.78,8
22/04/2022 23:30,48,1,159.25,174,0.78,8
23/04/2022 00:00,1,1,140.8,170,0.78,8
23/04/2022 00:30,2,1,137.6,172,0.78,8
23/04/2022 01:00,3,1,130,101.34,0.78,8
23/04/2022 01:30,4,1,134,170,0.78,8
23/04/2022 02:00,5,1,121.4,97.35,0.78,8
23/04/2022 02:30,6,1,115.3,83.25,0.78,8
23/04/2022 03:00,7,2,115,86.09,0.77,6
23/04/2022 03:30,8,2,115,157,0.77,6
23/04/2022 04:00,9,2,115,170,0.77,6
23/04/2022 04:30,10,2,114.6,174,0.77,6
23/04/2022 05:00,11,2,125,172,0.77,6
23/04/2022 05:30,12,2,137,157,0.77,6
23/04/2022 06:00,13,2,130.1,81.87,0.77,6
23/04/2022 06:30,14,2,135,102.38,0.77,6
23/04/2022 07:00,15,3,107.6,96.69,3.53,2
23/04/2022 07:30,16,3,143.7,117.52,3.53,2
23/04/2022 08:00,17,3,154,178.65,3.53,2
23/04/2022 08:30,18,3,165,178.65,3.53,2
23/04/2022 09:00,19,3,152.1,175,3.53,2
23/04/2022 09:30,20,3,155.3,178.65,3.53,2
23/04/2022 10:00,21,3,153.6,178.2,3.53,2
23/04/2022 10:30,22,3,140,161.26,3.53,2
23/04/2022 11:00,23,4,152,180,4.1,7.8
23/04/2022 11:30,24,4,153,180,4.1,7.8
23/04/2022 12:00,25,4,140,177,4.1,7.8
23/04/2022 12:30,26,4,111,175.95,4.1,7.8
23/04/2022 13:00,27,4,124,182,4.1,7.8
23/04/2022 13:30,28,4,107.6,174,4.1,7.8
23/04/2022 14:00,29,4,109.6,174,4.1,7.8
23/04/2022 14:30,30,4,115.7,142.48,4.1,7.8
23/04/2022 15:00,31,5,111.6,175.95,47.98,8
23/04/2022 15:30,32,5,131,175.95,47.98,8
23/04/2022 16:00,33,5,117,88.16,47.98,8
23/04/2022 16:30,34,5,139,83.79,47.98,8
23/04/2022 17:00,35,5,134.4,195,47.98,8
23/04/2022 17:30,36,5,137.6,206.9525,47.98,8
23/04/2022 18:00,37,5,132.6,201,47.98,8
23/04/2022 18:30,38,5,147,199.49411,47.98,8
23/04/2022 19:00,39,6,155,195,0.79,5
23/04/2022 19:30,40,6,150.4,234,0.79,5
23/04/2022 20:00,41,6,156.8,234,0.79,5
23/04/2022 20:30,42,6,158,215,0.79,5
23/04/2022 21:00,43,6,169.6,215,0.79,5
23/04/2022 21:30,44,6,126.6,100.25,0.79,5
23/04/2022 22:00,45,6,146,199,0.79,5
23/04/2022 22:30,46,6,126,225,0.79,5
23/04/2022 23:00,47,1,145,172,2,8
23/04/2022 23:30,48,1,138.1,189,2,8
24/04/2022 00:00,1,1,129.6,190,2,8
24/04/2022 00:30,2,1,120,91,2,8
24/04/2022 01:00,3,1,115,101.85,2,8
24/04/2022 01:30,4,1,121,189,2,8
24/04/2022 02:00,5,1,115,210,2,8
24/04/2022 02:30,6,1,99.2,198,2,8
24/04/2022 03:00,7,2,101.5,86.77,4.9,6
24/04/2022 03:30,8,2,80.3,86.77,4.9,6
24/04/2022 04:00,9,2,113.4,79.43,4.9,6
24/04/2022 04:30,10,2,105,71.04,4.9,6
24/04/2022 05:00,11,2,115,75.09,4.9,6
24/04/2022 05:30,12,2,108.3,62.62,4.9,6
24/04/2022 06:00,13,2,120,50.94,4.9,6
24/04/2022 06:30,14,2,124,93.21,4.9,6
24/04/2022 07:00,15,3,120,98.48,68,0.84
24/04/2022 07:30,16,3,139,98.48,68,0.84
24/04/2022 08:00,17,3,143.9,137.88,68,0.84
24/04/2022 08:30,18,3,167,134.66,68,0.84
24/04/2022 09:00,19,3,147.2,106.11,68,0.84
24/04/2022 09:30,20,3,157.8,93.54,68,0.84
24/04/2022 10:00,21,3,150.4,81.1,68,0.84
24/04/2022 10:30,22,3,142.02,85.32,68,0.84
24/04/2022 11:00,23,4,141.9,99.8904,59,0.85
24/04/2022 11:30,24,4,125,103.03,59,0.85
24/04/2022 12:00,25,4,124,102.03,59,0.85
24/04/2022 12:30,26,4,125,179,59,0.85
24/04/2022 13:00,27,4,131.4,179,59,0.85
24/04/2022 13:30,28,4,118.6,93.87,59,0.85
24/04/2022 14:00,29,4,122.4,179,59,0.85
24/04/2022 14:30,30,4,120,202.18335,59,0.85
24/04/2022 15:00,31,5,120,204,73,2
24/04/2022 15:30,32,5,137.9,198.95,73,2
24/04/2022 16:00,33,5,139.2,210,73,2
24/04/2022 16:30,34,5,166.4,210,73,2
24/04/2022 17:00,35,5,169,210,73,2
24/04/2022 17:30,36,5,157,108.1,73,2
24/04/2022 18:00,37,5,180,110.05,73,2
24/04/2022 18:30,38,5,166.4,210,73,2
24/04/2022 19:00,39,6,190.4,210,1.5,0.85
24/04/2022 19:30,40,6,181,108.11,1.5,0.85
24/04/2022 20:00,41,6,182.4,109.8,1.5,0.85
24/04/2022 20:30,42,6,173,109.8,1.5,0.85
24/04/2022 21:00,43,6,200,117,1.5,0.85
24/04/2022 21:30,44,6,150,110.1,1.5,0.85
24/04/2022 22:00,45,6,184.1,230,1.5,0.85
24/04/2022 22:30,46,6,137.6,198,1.5,0.85
24/04/2022 23:00,47,1,172.8,230,2.83,2.83
24/04/2022 23:30,48,1,145,235,2.83,2.83
25/04/2022 00:00,1,1,156.8,235,2.83,2.83
25/04/2022 00:30,2,1,145.3,239,2.83,2.83
25/04/2022 01:00,3,1,143.3,235.00016,2.83,2.83
25/04/2022 01:30,4,1,157.2,220,2.83,2.83
25/04/2022 02:00,5,1,150.6,187.5,2.83,2.83
25/04/2022 02:30,6,1,150,187.5,2.83,2.83
25/04/2022 03:00,7,2,148.8,187.5,6.37,4.53
25/04/2022 03:30,8,2,141.15,187.5,6.37,4.53
25/04/2022 04:00,9,2,155.2,249,6.37,4.53
25/04/2022 04:30,10,2,147,249,6.37,4.53
25/04/2022 05:00,11,2,172.72,264,6.37,4.53
25/04/2022 05:30,12,2,165,215,6.37,4.53
25/04/2022 06:00,13,2,170.3,249,6.37,4.53
25/04/2022 06:30,14,2,191.1,249,6.37,4.53
25/04/2022 07:00,15,3,196.8,246.75,6.87,0.83
25/04/2022 07:30,16,3,234,246.85,6.87,0.83
25/04/2022 08:00,17,3,206.4,246.75,6.87,0.83
25/04/2022 08:30,18,3,200.8,246.75,6.87,0.83
25/04/2022 09:00,19,3,194.2,235,6.87,0.83
25/04/2022 09:30,20,3,177.6,247,6.87,0.83
25/04/2022 10:00,21,3,184,247,6.87,0.83
25/04/2022 10:30,22,3,167.4,248,6.87,0.83
25/04/2022 11:00,23,4,175,245,2.78,0.85
25/04/2022 11:30,24,4,166.5,235,2.78,0.85
25/04/2022 12:00,25,4,173.6,235,2.78,0.85
25/04/2022 12:30,26,4,155,235,2.78,0.85
25/04/2022 13:00,27,4,169.6,235,2.78,0.85
25/04/2022 13:30,28,4,147.4,235,2.78,0.85
25/04/2022 14:00,29,4,155.6,235,2.78,0.85
25/04/2022 14:30,30,4,153.9,240,2.78,0.85
25/04/2022 15:00,31,5,136.9,235,13.77,0.93
25/04/2022 15:30,32,5,157.4,235,13.77,0.93
25/04/2022 16:00,33,5,140.8,188.32,13.77,0.93
25/04/2022 16:30,34,5,193.6,188.32,13.77,0.93
25/04/2022 17:00,35,5,166.8,124,13.77,0.93
25/04/2022 17:30,36,5,211,123,13.77,0.93
25/04/2022 18:00,37,5,209,125.5,13.77,0.93
25/04/2022 18:30,38,5,210.9,237.5,13.77,0.93
25/04/2022 19:00,39,6,220,289,7.89,0.81
25/04/2022 19:30,40,6,213.3,289,7.89,0.81
25/04/2022 20:00,41,6,210.8,289,7.89,0.81
25/04/2022 20:30,42,6,206.4,245,7.89,0.81
25/04/2022 21:00,43,6,220.7,289,7.89,0.81
25/04/2022 21:30,44,6,173.3,110.1,7.89,0.81
25/04/2022 22:00,45,6,177.9,250,7.89,0.81
25/04/2022 22:30,46,6,130.7,85.1,7.89,0.81
25/04/2022 23:00,47,1,159.6,248,2.65,7.25
25/04/2022 23:30,48,1,114.6,100,2.65,7.25
26/04/2022 00:00,1,1,142.5,180,2.65,7.25
26/04/2022 00:30,2,1,125,5.5,2.65,7.25
26/04/2022 01:00,3,1,127.8,91,2.65,7.25
26/04/2022 01:30,4,1,151.9,185,2.65,7.25
26/04/2022 02:00,5,1,150,187.90183,2.65,7.25
26/04/2022 02:30,6,1,140,185,2.65,7.25
26/04/2022 03:00,7,2,151.6,185,4.77,6.24
26/04/2022 03:30,8,2,142.2,185,4.77,6.24
26/04/2022 04:00,9,2,150,185,4.77,6.24
26/04/2022 04:30,10,2,143.2,154,4.77,6.24
26/04/2022 05:00,11,2,93.8,95,4.77,6.24
26/04/2022 05:30,12,2,108.5,95,4.77,6.24
26/04/2022 06:00,13,2,142.5,239.65015,4.77,6.24
26/04/2022 06:30,14,2,196.8,275,4.77,6.24
26/04/2022 07:00,15,3,193.1,253,2.73,4.77
26/04/2022 07:30,16,3,230,253,2.73,4.77
26/04/2022 08:00,17,3,226,252,2.73,4.77
26/04/2022 08:30,18,3,215,110,2.73,4.77
26/04/2022 09:00,19,3,208.6,110,2.73,4.77
26/04/2022 09:30,20,3,186.2,90,2.73,4.77
26/04/2022 10:00,21,3,170,110.15,2.73,4.77
26/04/2022 10:30,22,3,152.65,110.25,2.73,4.77
26/04/2022 11:00,23,4,178,110.25,1.5,5
26/04/2022 11:30,24,4,162,102,1.5,5
26/04/2022 12:00,25,4,155,110.3,1.5,5
26/04/2022 12:30,26,4,148.4,110,1.5,5
26/04/2022 13:00,27,4,158.7,110.3,1.5,5
26/04/2022 13:30,28,4,150.5,110.4,1.5,5
26/04/2022 14:00,29,4,159.4,249.9,1.5,5
26/04/2022 14:30,30,4,158.6,249.9,1.5,5
26/04/2022 15:00,31,5,133.25,110.4,13.7,8.52
26/04/2022 15:30,32,5,174,110.4,13.7,8.52
26/04/2022 16:00,33,5,160,105.25,13.7,8.52
26/04/2022 16:30,34,5,227.2,110.5,13.7,8.52
26/04/2022 17:00,35,5,209.1,206,13.7,8.52
26/04/2022 17:30,36,5,230,111,13.7,8.52
26/04/2022 18:00,37,5,239,111,13.7,8.52
26/04/2022 18:30,38,5,235.4,228.02,13.7,8.52
26/04/2022 19:00,39,6,233.9,231,3.83,3.83
26/04/2022 19:30,40,6,226.25,234.56,3.83,3.83
26/04/2022 20:00,41,6,230,236.29,3.83,3.83
26/04/2022 20:30,42,6,219,147.11,3.83,3.83
26/04/2022 21:00,43,6,250,250,3.83,3.83
26/04/2022 21:30,44,6,190,242.5,3.83,3.83
26/04/2022 22:00,45,6,195.15,111,3.83,3.83
26/04/2022 22:30,46,6,126,112.1,3.83,3.83
26/04/2022 23:00,47,1,150,113,1.2,4.49
26/04/2022 23:30,48,1,130,112.25,1.2,4.49
27/04/2022 00:00,1,1,130,112.25,1.2,4.49
27/04/2022 00:30,2,1,124.8,115,1.2,4.49
27/04/2022 01:00,3,1,119.5,115.25,1.2,4.49
27/04/2022 01:30,4,1,135,116,1.2,4.49
27/04/2022 02:00,5,1,129.5,109,1.2,4.49
27/04/2022 02:30,6,1,118.4,117.25,1.2,4.49
27/04/2022 03:00,7,2,120,117.25,3.06,5.94
27/04/2022 03:30,8,2,115,117.25,3.06,5.94
27/04/2022 04:00,9,2,130,117.5,3.06,5.94
27/04/2022 04:30,10,2,124.3,117.5,3.06,5.94
27/04/2022 05:00,11,2,125,118,3.06,5.94
27/04/2022 05:30,12,2,135,114,3.06,5.94
27/04/2022 06:00,13,2,158.5,117,3.06,5.94
27/04/2022 06:30,14,2,214.4,253,3.06,5.94
27/04/2022 07:00,15,3,183,244.75,1.93,6.99
27/04/2022 07:30,16,3,230,253,1.93,6.99
27/04/2022 08:00,17,3,220,244.5,1.93,6.99
27/04/2022 08:30,18,3,196.8,244.5,1.93,6.99
27/04/2022 09:00,19,3,182.4,268.95,1.93,6.99
27/04/2022 09:30,20,3,180,245,1.93,6.99
27/04/2022 10:00,21,3,192,243,1.93,6.99
27/04/2022 10:30,22,3,176,268.95,1.93,6.99
27/04/2022 11:00,23,4,182,260,0.82,5.58
27/04/2022 11:30,24,4,174.4,268.5,0.82,5.58
27/04/2022 12:00,25,4,181.6,101.6,0.82,5.58
27/04/2022 12:30,26,4,174,80,0.82,5.58
27/04/2022 13:00,27,4,175,90,0.82,5.58
27/04/2022 13:30,28,4,172.2,80,0.82,5.58
27/04/2022 14:00,29,4,169.1,90,0.82,5.58
27/04/2022 14:30,30,4,154,80,0.82,5.58
27/04/2022 15:00,31,5,140,80,2.57,8.83
27/04/2022 15:30,32,5,174.6,100.11,2.57,8.83
27/04/2022 16:00,33,5,160,240.69157,2.57,8.83
27/04/2022 16:30,34,5,214.4,245,2.57,8.83
27/04/2022 17:00,35,5,182,108.06,2.57,8.83
27/04/2022 17:30,36,5,227.2,108.06,2.57,8.83
27/04/2022 18:00,37,5,225.6,264,2.57,8.83
27/04/2022 18:30,38,5,229,250,2.57,8.83
27/04/2022 19:00,39,6,229.7,264,2.45,4.95
27/04/2022 19:30,40,6,225.3,247.71468,2.45,4.95
27/04/2022 20:00,41,6,220.4,250,2.45,4.95
27/04/2022 20:30,42,6,220,199,2.45,4.95
27/04/2022 21:00,43,6,221.2,103.1,2.45,4.95
27/04/2022 21:30,44,6,170,102,2.45,4.95
27/04/2022 22:00,45,6,186,209.95,2.45,4.95
27/04/2022 22:30,46,6,164.8,107.1,2.45,4.95
27/04/2022 23:00,47,1,144.9,110.3,0.79,4.29
27/04/2022 23:30,48,1,136.4,110.3,0.79,4.29
28/04/2022 00:00,1,1,150,110.3,0.79,4.29
28/04/2022 00:30,2,1,136.2,110.36861,0.79,4.29
28/04/2022 01:00,3,1,143.2,108.35,0.79,4.29
28/04/2022 01:30,4,1,159,110.4,0.79,4.29
28/04/2022 02:00,5,1,150.5,110.4,0.79,4.29
28/04/2022 02:30,6,1,150,110.4,0.79,4.29
28/04/2022 03:00,7,2,150,105,2.49,5.5
28/04/2022 03:30,8,2,143,111,2.49,5.5
28/04/2022 04:00,9,2,150,111,2.49,5.5
28/04/2022 04:30,10,2,147.8,111,2.49,5.5
28/04/2022 05:00,11,2,138.45,166,2.49,5.5
28/04/2022 05:30,12,2,150,210,2.49,5.5
28/04/2022 06:00,13,2,168.7,119,2.49,5.5
28/04/2022 06:30,14,2,213.2,263,2.49,5.5
28/04/2022 07:00,15,3,202,113,2.1,6.75
28/04/2022 07:30,16,3,244.8,249,2.1,6.75
28/04/2022 08:00,17,3,222.6,231.91,2.1,6.75
28/04/2022 08:30,18,3,213.2,236.86,2.1,6.75
28/04/2022 09:00,19,3,210.7,245,2.1,6.75
28/04/2022 09:30,20,3,200,248.45,2.1,6.75
28/04/2022 10:00,21,3,201.6,302.3,2.1,6.75
28/04/2022 10:30,22,3,182.4,250,2.1,6.75
28/04/2022 11:00,23,4,187.2,246,2.13,5.35
28/04/2022 11:30,24,4,171.6,245,2.13,5.35
28/04/2022 12:00,25,4,181,243,2.13,5.35
28/04/2022 12:30,26,4,166.6,112,2.13,5.35
28/04/2022 13:00,27,4,183,235,2.13,5.35
28/04/2022 13:30,28,4,157.2,235,2.13,5.35
28/04/2022 14:00,29,4,183,112,2.13,5.35
28/04/2022 14:30,30,4,156,111,2.13,5.35
28/04/2022 15:00,31,5,151,235,2,8.15
28/04/2022 15:30,32,5,185.5,235,2,8.15
28/04/2022 16:00,33,5,169,111,2,8.15
28/04/2022 16:30,34,5,215,235,2,8.15
28/04/2022 17:00,35,5,205,260,2,8.15
28/04/2022 17:30,36,5,244.9,89,2,8.15
28/04/2022 18:00,37,5,247,0,2,8.15
28/04/2022 18:30,38,5,242.3,80,2,8.15
28/04/2022 19:00,39,6,250,254.14,2.58,4.9
28/04/2022 19:30,40,6,240,252.04,2.58,4.9
28/04/2022 20:00,41,6,234.5,244.25,2.58,4.9
28/04/2022 20:30,42,6,213.2,252.95,2.58,4.9
28/04/2022 21:00,43,6,231,253,2.58,4.9
28/04/2022 21:30,44,6,176,105,2.58,4.9
28/04/2022 22:00,45,6,195.2,250,2.58,4.9
28/04/2022 22:30,46,6,157.4,95.26,2.58,4.9
28/04/2022 23:00,47,1,190.4,260,0.83,0.83
28/04/2022 23:30,48,1,130,101,0.83,0.83
29/04/2022 00:00,1,1,142.8,240,0.83,0.83
29/04/2022 00:30,2,1,145,229.95,0.83,0.83
29/04/2022 01:00,3,1,145,210,0.83,0.83
29/04/2022 01:30,4,1,170,101.06,0.83,0.83
29/04/2022 02:00,5,1,164.7,101.06,0.83,0.83
29/04/2022 02:30,6,1,145,96.1,0.83,0.83
29/04/2022 03:00,7,2,160,96.1,2.95,1.5
29/04/2022 03:30,8,2,145,96.1,2.95,1.5
29/04/2022 04:00,9,2,152,101.06,2.95,1.5
29/04/2022 04:30,10,2,150.4,101.06,2.95,1.5
29/04/2022 05:00,11,2,130.6,103,2.95,1.5
29/04/2022 05:30,12,2,150,101.3,2.95,1.5
29/04/2022 06:00,13,2,179.2,101.06,2.95,1.5
29/04/2022 06:30,14,2,250.5,102,2.95,1.5
29/04/2022 07:00,15,3,210,223,1.69,1
29/04/2022 07:30,16,3,250,223,1.69,1
29/04/2022 08:00,17,3,219.2,102,1.69,1
29/04/2022 08:30,18,3,204,223,1.69,1
29/04/2022 09:00,19,3,192.2,240,1.69,1
29/04/2022 09:30,20,3,180.8,223,1.69,1
29/04/2022 10:00,21,3,180.8,223,1.69,1
29/04/2022 10:30,22,3,171.2,223,1.69,1
29/04/2022 11:00,23,4,177.6,223,1.17,1
29/04/2022 11:30,24,4,166.4,102.07,1.17,1
29/04/2022 12:00,25,4,179,102.07,1.17,1
29/04/2022 12:30,26,4,156.7,102.07,1.17,1
29/04/2022 13:00,27,4,163.5,105,1.17,1
29/04/2022 13:30,28,4,142.5,102,1.17,1
29/04/2022 14:00,29,4,158.2,105,1.17,1
29/04/2022 14:30,30,4,150,101,1.17,1
29/04/2022 15:00,31,5,143.4,91.53,2.95,2.95
29/04/2022 15:30,32,5,180,92,2.95,2.95
29/04/2022 16:00,33,5,152.4,54,2.95,2.95
29/04/2022 16:30,34,5,200,91.67538,2.95,2.95
29/04/2022 17:00,35,5,187.9,92,2.95,2.95
29/04/2022 17:30,36,5,207.9,245,2.95,2.95
29/04/2022 18:00,37,5,209.6,248,2.95,2.95
29/04/2022 18:30,38,5,215.65,243.5,2.95,2.95
29/04/2022 19:00,39,6,217,239.71,2.5,0.83
29/04/2022 19:30,40,6,210,239.71,2.5,0.83
29/04/2022 20:00,41,6,204,239.71,2.5,0.83
29/04/2022 20:30,42,6,198,108,2.5,0.83
29/04/2022 21:00,43,6,215,210,2.5,0.83
29/04/2022 21:30,44,6,172,92.01,2.5,0.83
29/04/2022 22:00,45,6,190,105,2.5,0.83
29/04/2022 22:30,46,6,160,92,2.5,0.83
29/04/2022 23:00,47,1,190,100.75,1.45,1.45
29/04/2022 23:30,48,1,158.7,92.01,1.45,1.45
30/04/2022 00:00,1,1,139.4,80,1.45,1.45
30/04/2022 00:30,2,1,129.4,50,1.45,1.45
30/04/2022 01:00,3,1,137.5,70,1.45,1.45
30/04/2022 01:30,4,1,137.5,185,1.45,1.45
30/04/2022 02:00,5,1,143.5,185,1.45,1.45
30/04/2022 02:30,6,1,134.4,70,1.45,1.45
30/04/2022 03:00,7,2,131.4,70,1.49,1.41
30/04/2022 03:30,8,2,125,70,1.49,1.41
30/04/2022 04:00,9,2,131.4,70,1.49,1.41
30/04/2022 04:30,10,2,126.5,70,1.49,1.41
30/04/2022 05:00,11,2,125,84,1.49,1.41
30/04/2022 05:30,12,2,126.8,65,1.49,1.41
30/04/2022 06:00,13,2,110,70,1.49,1.41
30/04/2022 06:30,14,2,137.5,92,1.49,1.41
30/04/2022 07:00,15,3,148.5,180.25,2.99,1.2
30/04/2022 07:30,16,3,160,180.25,2.99,1.2
30/04/2022 08:00,17,3,155.2,190,2.99,1.2
30/04/2022 08:30,18,3,158.4,70,2.99,1.2
30/04/2022 09:00,19,3,150.6,180,2.99,1.2
30/04/2022 09:30,20,3,150,70,2.99,1.2
30/04/2022 10:00,21,3,149,65,2.99,1.2
30/04/2022 10:30,22,3,132.8,65,2.99,1.2
30/04/2022 11:00,23,4,132.8,65,1.36,5
30/04/2022 11:30,24,4,131.2,65,1.36,5
30/04/2022 12:00,25,4,135.5,76,1.36,5
30/04/2022 12:30,26,4,100.5,65.25,1.36,5
30/04/2022 13:00,27,4,119.4,61,1.36,5
30/04/2022 13:30,28,4,110,65.6,1.36,5
30/04/2022 14:00,29,4,90,62,1.36,5
30/04/2022 14:30,30,4,110.4,62,1.36,5
30/04/2022 15:00,31,5,93.93,3,39.77,9.69
30/04/2022 15:30,32,5,112.9,71.1,39.77,9.69
30/04/2022 16:00,33,5,100.5,71.1,39.77,9.69
30/04/2022 16:30,34,5,160.77,72.5,39.77,9.69
30/04/2022 17:00,35,5,150,84,39.77,9.69
30/04/2022 17:30,36,5,165,190,39.77,9.69
30/04/2022 18:00,37,5,174.4,165,39.77,9.69
30/04/2022 18:30,38,5,175,165,39.77,9.69
30/04/2022 19:00,39,6,175,165,4.95,3.01
30/04/2022 19:30,40,6,173,72.5,4.95,3.01
30/04/2022 20:00,41,6,164.2,185,4.95,3.01
30/04/2022 20:30,42,6,166,184.95,4.95,3.01
30/04/2022 21:00,43,6,168,190,4.95,3.01
30/04/2022 21:30,44,6,120,72.55,4.95,3.01
30/04/2022 22:00,45,6,150.6,75,4.95,3.01
30/04/2022 22:30,46,6,96.4,72.5,4.95,3.01
30/04/2022 23:00,47,1,103.7,72.55,0.71,0.98
30/04/2022 23:30,48,1,74.9,66,0.71,0.98